{
  "Izinono": 106472.67698181201,
  "Onycow": 118205.8185797955,
  "Gujo": 67188.0,
  "Evapiba": 305507.0,
  "Yluke": 69621.65618632894,
  "Arifyje": 37947.87914319409,
  "Uliry": 112866.0,
  "Azofo": 225339.0,
  "Ubadob": 463473.0,
  "Ajuqef": 132026.0,
  "Fileja": 165576.0,
  "Hedenen": 29289.250137898045,
  "Atyhic": 628630.9309281268,
  "Ukiv": 477816.38237274904,
  "Ebyn": 569579.0,
  "Ajipaso": 41942.16374152578,
  "Tere": 675980.1211841395,
  "Ydysany": 105003.0,
  "Luqi": 493919.1617120216,
  "Cycihu": 92692.87803350374,
  "Jawo": 375362.0,
  "Isima": 241964.28306063873,
  "Iqob": 106226.0,
  "Fybeny": 687339.5533285134,
  "Edyhe": 6864.0,
  "Epan": 218452.10645169206,
  "Kaza": 282614.49295746844,
  "Osuqy": 238558.0,
  "Gupi": 406742.0,
  "Imana": 361048.0,
  "Vuger": 453164.0,
  "Cixuc": 91897.1276628553,
  "Dihi": 559059.2053779765,
  "Qoboc": 91029.0,
  "Zyjyku": 554.449387058107,
  "Vobix": 730589.5318709582,
  "Ogen": 513735.0,
  "Jybun": 15139.880002823706,
  "Amyxy": 98483.0,
  "Aditep": 47275.0,
  "Vicoqo": 524110.81649816525,
  "Ojojo": 485488.2919151636,
  "Uzej": 454364.0,
  "Yvar": 93201.49350009565,
  "Qonyzi": 96387.24476409022,
  "Iputur": 623128.0,
  "Irixi": 2919.0,
  "Ihuvo": 558176.0,
  "Uganope": 123012.8180193614,
  "Otacura": 589922.1671466293,
  "Uhafi": 69593.0,
  "Riqi": 279956.0,
  "Fadih": 366441.16085379786,
  "Uzada": 195196.0570132648,
  "Etamyny": 135639.0,
  "Izela": 82294.38690881948,
  "Ihafiwy": 745661.0,
  "Zyhykiv": 136538.0,
  "Okem": 646764.1883006296,
  "Ucigeq": 188082.1839885982,
  "Wiju": 223395.77310803023,
  "Cacypo": 61676.5984592597,
  "Mibixu": 193550.0,
  "Qypuc": 140673.0,
  "Evyvodo": 699.415115670997,
  "Usiv": 415042.0710846753,
  "Luvafa": 59911.0,
  "Aredy": 567083.9276066574,
  "Cokis": 270858.0,
  "Arav": 142717.0,
  "Jaku": 5078.749239630195,
  "Hyqeby": 2557.6409165264404,
  "Afomel": 3978.0,
  "Ifemo": 401157.9915264553,
  "Bohahih": 175545.0,
  "Mobixe": 128797.49641527045,
  "Kofanow": 44990.0,
  "Mypicih": 238663.0,
  "Benet": 125542.0,
  "Pyme": 6443.12311834382,
  "Fidylik": 518413.0,
  "Ecin": 141912.0,
  "Jeze": 403.0,
  "Exel": 74112.0,
  "Ilyz": 236445.0,
  "Aqila": 94600.90520736664,
  "Jydazyx": 114031.0,
  "Xasevu": 240730.0,
  "Xebycu": 48100.20682802811,
  "Ylukeci": 650698.7747518322,
  "Miqe": 54608.65110791963,
  "Ucoq": 493965.0,
  "Ogytazy": 109788.62288814483,
  "Ymaton": 1643.6628071306586,
  "Afoda": 19946.0,
  "Ofaneku": 96413.84129056604,
  "Qezol": 4414.0,
  "Idiz": 267461.0,
  "Odekaw": 242338.0,
  "Rero": 191743.0,
  "Pena": 411564.7162973209,
  "Godebav": 5179.0,
  "Uvovo": 82507.0,
  "Imucuf": 72517.0,
  "Ipew": 109774.01295729858,
  "Civifi": 404587.9922342466,
  "Sekawov": 87636.26049631432,
  "Vohyzum": 15962.0,
  "Omor": 259059.0,
  "Qocad": 226587.3845137618,
  "Yfir": 208027.0,
  "Enakir": 415248.0,
  "Evyma": 350175.7944389705,
  "Woqu": 126434.0,
  "Uxumyny": 313407.0,
  "Yban": 253630.0,
  "Emilak": 17916.0,
  "Ezipifo": 304488.3347976292,
  "Ewadoz": 241923.6755574466,
  "Utefa": 364625.9851657724
}